annotator	author	title	year	lgcode	pages	glosses	texts	dictionary	TAM-chapter	electronic	OCR	journal	journaltitle	booktitle	howpublished	publisher	month	volume	number	series	pubtype	chapter	address	edition	school	organization	institution	note	glottolog_ref_id	url	crossref	editor
A. Islamova	Andronov, M. S.	The Brahui Language	1980	brh	112	-	+	-	-	+	-																					
A. Islamova	Coelho, Gail Maria	A Grammar of Betta Kurumba	2003	xub	372	+	+	-	+	+	+																					
A. Islamova	Lehmann, Thomas	A Grammar of Modern Tamil	1993	tam	387	+	-	-	+	+	+																					
A. Islamova	Schiffman, Harold F.	A Reference Grammar of Spoken Tamil	1999	tam	232		-	-	+	+	+																					
A. Islamova	Spencer, Harold	A Kanarese Grammar	1950	kan	452	-	-	-	-	+	-																					
A. Islamova	Arden, A. H. 	A Progressive Grammar of the Tamil Language	1969	tam	342	-	-	-	+	+	-																					
A. Islamova	Friend-Pereira, J. E.	A Grammar of the Kūi Language	1909	kxu	80	-	-	-	+	+	+																					
A. Islamova	Letchmajee, L.	An Introduction to the Grammar of the Kui or Kandh Language	1902	kxu	46	-	-	-	+	+	+																					
A. Islamova	Schulze, F. V. P.	A Grammar of the Kuvi Language	1911	kxu	252	-	-	-	+	+	+																					
A. Islamova	Beschi, C. G. and Babington, B. G.	A grammar of the high dialect of the Tamil language, termed Shen-Tamil: to which is added an introduction to Tamil poetry	2000	tam	117	-	-	-	-	+	-																					
A. Islamova	Wegner, Ilse	Einfuhrung in die hurritische Sprache	2000	xhu	265	-	+	-	-	+	-																					
A. Islamova	Эйнтрей, Г. И.	Албанский язык (грамматический очерк с текстами и коментариями)	1982	sqi	191	-	+	-	-	+	-																					
A. Islamova	Иванов, Вяч. Вс.	Хеттский язык	2001	hit	294	-	+	-	-	+	-																					
A. Islamova	Luraghi, Silvia	Hittite	1997	hit	75	+	+	-	+	+	+																					
A. Islamova	Adiego, I. J.	The Carian Language	2007	xcr	526	-	-	-	-	+	+																					
A. Islamova	Hoffner, H. A. and Melchert, H. C.	A Grammar of the Hittite Language. Part 1: Reference Grammar	2008	hit	468	-	-	-	+	+	-																					
A. Islamova	Saul, Janice E. and Wilson, Nancy F.	Nung Grammar	1980	nut	142	+	-	-	-	+	-																					
A. Islamova	Smyth, David	Thai, An Essential Grammar	2002	tha	247	-	-	-	+	+	+																					
A. Islamova	Noss, Richard B.	Thai Reference Grammar	1964	tha	258	-	-	-	-	+	+																					
A. Islamova	Dum-Tragut, Jasmine	Armenian	2009	hye	743	+	-	-	+	+	+																					
A. Islamova	Кусикьян, И. К.	Грамматика современного литературного армянского языка	1950	hye	189	-	-	-	-	+	-																					
A. Islamova	Туманян, Э. Г.	Древнеармянский язык	1971	xcl	450	-	+	-	-	+	-																					
A. Islamova	Kozintseva, N.	Modern Eastern Armenian	1995	hye	57	+	+	-	+	+	-																					
A. Islamova	Mathiassen, Terje	A Short Grammar of Latvian	1997	lav	236	-	-	-	+	+	-																					
A. Islamova	Nau, Nicole	A short grammar of Latgalian	2011	lav	116	+	+	-	-	+	+																					
A. Islamova	Endzelin, J.	Lettische Grammatik	1922	lav	862	-	-	-	+	+	-																					
A. Islamova	Gaters, A.	Die Lettische Sprache und ihre Dialekte	1977	lav	192	-	+	-	+	+	-																					
A. Islamova	Senn, Alfred	Handbuch der Litauischen Sprache	1966	lit	490	-	-	-	-	+	-																					
A. Islamova	Mathiassen, Terje	A short grammar of Lithuanian	1996	lit	251	-	-	-	+	+	-																					
A. Islamova	Doyle, Aidan	Irish	2001	gle	103	+	+	-	+	+	+																					
A. Islamova	Hemon, Roparz	Breton Grammar	2007	bre	87	-	-	-	-	+	-																					
A. Islamova	King, Gareth	Modern Welsh: A Comprehensive Grammar	2003	cym	403	-	-	-	+	+	+																					
A. Islamova	Hingant, J.	Elements de la Grammaire Bretonne	1868	bre	235	-	-	-	-	+	-																					
A. Islamova	O'Connell, F. W.	A Grammar of Old Irish	1912	sga	191	-	+	-	-	+	+																					
A. Islamova	O'Donovan, John	A Grammar of the Irish Language	1845	gle	459	-	+	-	+	+	+																					
A. Islamova	Allan, Holmes and Lundskar	Danish: An Essential Grammar	2000	dan	205	-	-	-	+	+	+																					
A. Islamova	Fox, Anthony	The Structure of German	2005	deu	334	-	-	-	+	+	+																					
A. Islamova	Ганина, Н. А.	Крымско-готский язык	2011	got	285	-	-	+	-	+	-																					
A. Islamova	Гухман, М. М.	Готский язык	1958	got	288	-	+	+	+	+	-																					
A. Islamova	Lockwood, W. B.	An Introduction to Modern Faroese	2002	fao	244	-	+	+	+	+	+																					
A. Islamova	Reese, Johannes 	Swiss German: The modern Alemannic vernacular in and around Zurich	2007	gsw	83	+	+	-	+	+	-																					
A. Islamova	Смирницкий, А. И.	Древнеанглийский язык	1998	ang	318	-	-	-	-	+	+																					
A. Islamova	Стеблин-Каменский, М. И.	Древнеисландский язык	2002	non	286	-	+	+	+	+	-																					
A. Islamova	Quirk, Greenbaum, Leech and Svartvik	A Comprehensive Grammar of the English Language	1985	eng	1779	-	-	-	-	+	+																					
A. Islamova	Попов, О. К. и Попова, Н. М.	Шведский язык: грамматический очерк, литературные тексты с комментариями и словарем	1969	swe	162	-	+	+	-	+	-																					
A. Islamova	Mackridge, Peter	The modern Greek language: a descriptive analysis of standard modern Greek	1985	ell	387	-	-	-	+	+	+																					
A. Islamova	Cain, B. D.	Dhivehi (Maldivian): A Synchronic and Diachronic Study	2000	div	354	+	+	-	+	+	-																					
A. Islamova	Doctor, Raimond	A Grammar of Gujarati	2004	guj	98	+	+	-	-	+	-																					
A. Islamova	Gershevitch, Ilya 	A grammar of Manichean Sogdian	1954	sog	307	-	-	-	-	+	-																					
A. Islamova	Грюнберг, А. Л.	Язык кати: тексты, грамматический очерк	1980	bsh	302	-	+	-	-	+	-																					
A. Islamova	Braj B. Kachru 	A Reference Grammar of Kashmiri	1969	kas	416	-	-	+	+	+	-																					
A. Islamova	Kachru, Yamuna 	Hindi	2006	hin	309	+	+	-	+	+	+																					
A. Islamova	Omkar N. Koul	Modern Hindi Grammar	2008	hin	318	+	-	+	+	+	+																					
A. Islamova	Kashi Wali and Omkar N. Koul	Kashmiri: A cognitive-descriptive grammar	1997	kas	378	+	-	-	+	+	+																					
A. Islamova	Kashi Wali and Omkar N. Koul	Modern Kashmiri Grammar	2006	kas	202	+	-	+	+	+	+																					
A. Islamova	Liljegren, Henrik	A grammar of Palula	2016	phl	463	+	+	-	+	+	+																					
A. Islamova	Liljegren, Henrik	Towards a grammatical description of Palula	2008	phl	393	+	-	-	+	+	+																					
A. Islamova	Paudyal, Netra Prasad	A sketch grammar of Darai	2003	dry	201	+	+	-	+	+	+																					
A. Islamova	Perder, Emil	A Grammatical Description of Dameli	2013	dml	242	+	+	-	+	+	+																					
A. Islamova	Ray, Punya Sloka 	A Refernce Grammar of Bengali	1966	ben	577	-	-	-	-	+	-																					
A. Islamova	Tolstaya, N. I.	The Panjabi Language: A Descriptive Grammar	1981	pan	79	-	+	+	+	+	+																					
A. Islamova	Mahadeo L. Apte and D. P. Pattanayak	An outline of Kumauni grammar	1967	kfy	82	-	+	-	-	+	-																					
A. Islamova	Елизаренкова, Т. Я. 	Грамматика ведийского языка	1982	san	437	-	-	-	-	+	+																					
A. Islamova	Дымшиц, З. М.	Грамматика языка хинди ч.1 Письменность, фонетика, морфология (знаменательные части речи)	1986	hin	370	-	-	-	+	+	-																					
A. Islamova	Дымшиц, З. М.	Грамматика языка хинди ч.2 Морфология (служебные части речи), синтаксис	1986	hin	298	-	-	-	-	+	-																					
A. Islamova	Иванов, В. В. и Топоров, В. Н.	Санскрит	1960	san	133	-	+	-	-	+	-																					
A. Islamova	Trail, Roland L. 	The Grammar of Lamani	1968	lmn	225	-	+	+	-	+	-																					
A. Islamova	Duroiselle, Charles	A Practical Grammar of the Pāli Language	1997	pli	173	-	-	-	-	+	+																					
A. Islamova	Wilde, Christopher P.	A Sketch of the Phonology and Grammar of Rājbanshi	2008	rjs	559	+	+	+	+	+	+																					
A. Islamova	Matras, Yaron	Romani: A Linguistic Introduction	2004	rom	291	+	-	-	+	+	+																					
A. Islamova	Schmidt, Ruth Laila and Kohistani, Razwal 	A Grammar of the Shina Language of Indus Kohistan	2008	scl	264	+	-	-	+	+	-																					
A. Islamova	Sharma, D. D. 	The Formation of Kumauni Language Part 1	1985	kfy	294	-	-	-	-	+	-																					
A. Islamova	Sharma, D. D. 	The Formation of Kumauni Language Part 2	1987	kfy	168	-	-	-	+	+	-																					
A. Islamova	Macdonell, A. A. 	Vedic Grammar	1910	vsn	456	-	-	-	+	+	-																					
A. Islamova	Authier, Gilles	Grammaire juhuri, ou judéo-tat, langue iranienne des Juifs du Caucase de l'est	2012	jdt	329	+	+	+	-	+	+																					
A. Islamova	Axenov, Serge	The Balochi Language of Turkmenistan: A corpus-based grammatical description	2006	bal	335	+	+	+	+	+	+																					
A. Islamova	Грюнберг, А. Л.	Язык североазербайджанских татов	1963	ttt	210	-	+	+	-	+	-																					
A. Islamova	Пахалина, Т. Н.	Ваханский язык	1975	wbl	342	-	+	+	-	+	-																					
A. Islamova	Грюнберг, А. Л.	Мунджанский язык: тексты, словарь, грамматический очерк	1972	mnj	474	-	+	+	-	+	-																					
A. Islamova	Миллер, Б. В.	Талышский язык	1953	tly	267	-	+	-	-	+	-																					
A. Islamova	В. И. Абаев, А. Т. Агнаев, Т. А. Гуриев, М. И. Исаев, Т. З. Козырева, Н. Х. Кулаев, А. Дз. Цагаева	Грамматика осетинского языка: фонетика и морфология	1963	oss	368	-	+	-	+	+	-																					
A. Islamova	Д. Г. Бекоев, А. Х. Бязров, Л. В. Гогичаева, Т. А. Гуриев, А. А, Гутиева, М. И. Исаев, Т. З. Козырева, Н. Х. Кулев, Г. А. Мамиев, Б. Г. Медоева, А. Дз. Цагаева	Грамматика осетинского языка: синтаксис	1969	oss	387	-	-	-	-	+	-																					
A. Islamova	Багаев, Н. К.	Современный осетинский язык ч.1: фонетика и морфология	1965	oss	487	-	-	-	-	+	-																					
A. Islamova	Багаев, Н. К.	Современный осетинский язык ч.2: синтаксис	1982	oss	493	-	-	-	-	+	-																					
A. Islamova	Исаев, М. И.	Дигорский диалект осетинского языка	1966	oss	223	-	+	-	-	+	-																					
A. Islamova	Abaev, V. I.	A Grammatical Sketch of Ossetic	1964	oss	133	-	-	-	+	+	-																					
A. Islamova	Бекоев, Д. Г.	Иронский диалект осетинского языка	1985	oss	383	-	+	-	-	+	-																					
A. Islamova	Tegey, Habibullah and Robson, Barbara	A Refernce Grammar of Pashto	1996	pus	243	+	-	-	+	+	+																					
A. Islamova	Ido, Shinji	Tajik	2005	tgk	98	+	+	-	+	+	+																					
A. Islamova	Расторгуева, В. С.	Среднеперсидский язык	1966	pal	160		+	-	+	+	-																					
A. Islamova	Рубинчик, Ю. А.	Грамматика современного персидского литературного языка	2001	fas	600	-	-	-	+	+	-																					
A. Islamova	Дорофеева, Л. Н.	Язык фарси-кабули	1960	prs	83	-	+	-	-	+	-																					
A. Islamova	Lazard, Gilbert	Grammaire du Persan contemporain	1957	fas	297	-	-	-	+	+	-																					
A. Islamova	Рубинчик, Ю. А.	Современный персидский язык	1960	fas	138	-	+	-	-	+	-																					
A. Islamova	Perry, John R.	A Tajik Persian Reference Grammar	2005	tgk	521	-	-	-	+	+	-																					
A. Islamova	Reichelt, Hans	Awestisches Elementarbuch	1967	ave	516	-	+	+	+	+	-																					
A. Islamova	Bird, Brian Arnett	Aspects of Yaghnobi Grammar	2007	yai	184	+	+	+	+	+	+																					
A. Islamova	Хромов, А. Л.	Ягнобский язык	1972	yai	206	-	+	+	-	+	-																					
A. Islamova	Bakkum, Gabriël Cornelis Leonides Maria 	The Latin Dialect of the Ager Faliscus: 150 Years of Scholarship	2009	xfa	678	-	-	-	+	+	+																					
A. Islamova	Bouza, José A. Pérez 	El gallego	1996	glg	99	-	+	-	-	+	-																					
A. Islamova	Giacomo-Marcellesi, Mathé	Corse	1997	cos	55	-	-	-	-	+	-																					
A. Islamova	Hutchinson, Amélia P. and Lloyd, Janet 	Portuguese: an essential grammar	2003	por	262	-	-	-	+	+	+																					
A. Islamova	Mallison, Graham	Rumanian	1986	ron	371	+	-	+	+	+	-																					
A. Islamova	Nagy, Naomi	Faetar	2000	-	143	+	+	-	-	+	-																					
A. Islamova	Никонов, Б. А.	Грамматика португальского языка	1981	por	263	-	-	-	+	+	-																					
A. Islamova	Wheeler, Max W. and Yates, Alan and Dols, Nicolau 	Catalan : A Comprehensive Grammar	1999	cat	638	-	-	-	-	+	-																					
A. Islamova	Academia de la Llingua Asturiana 	Gramática de Llingua Asturiana	2001	ast	442	-	-	-	+	+	+																					
A. Islamova	Соболевский, С. И.	Грамматика латинского языка	1948	lat	431	-	-	-	+	+	-																					
A. Islamova	Bennett, C. E.	A Latin Grammar	1908	lat	280	-	-	-	+	+	-																					
A. Islamova	Capozzoli, Raffaele	Grammatica del dialetto Napoletano	1889	nap	224	-	-	-	-	+	-																					
A. Islamova	Adam, Lucien	Les Patois Lorrains	1881	-	459	-	+	+	-	+	-																					
A. Islamova	Feuillet, Jack	Bulgare	1995	bul	78	+	+	-	+	+	+																					
A. Islamova	Маслов, Ю. С.	Очерк болгарской грамматики	1956	bul	292	-	-	-	-	+	+																					
A. Islamova	Маслов, Ю. С.	Грамматика болгарского языка	1981	bul	407	-	-	-	-	+	-																					
A. Islamova	Вайан, А.	Руководство по старославянскому языку	1952	chu	446	-	-	+	-	+	-																					
A. Islamova	Naughton, James	Czech: An Essential Grammar	2005	ces	282	-	-	-	+	+	+																					
A. Islamova	Janda, Laura A. and Townsend, Charles Edward 	Czech	2000	ces	106	-	+	-	+	+	+																					
A. Islamova	Lunt, Horace	A grammar of the Macedonian literary language	1952	mkd	287	-	+	+	+	+	+																					
A. Islamova	Groen, B. M. 	A structural description of the Macedonian dialect of Dihovo: phonology, morphology, texts, lexicon	1977	mkd	307	-	+	+	+	+	+																					
A. Islamova	Hendriks, P.	The Radožda-Vevčani Dialect of Macedonian: structure, texts, lexicon	1976	mkd	309	-	+	+	+	+	+																					
A. Islamova	Lehr-Spławiński, Tadeusz	Gramatyka Połabska	1929	pox	278	-	-	-	-	+	-																					
A. Islamova	Swan, Oscar E.	A Grammar of Contemporary Polish	2002	pol	496	-	-	-	+	+	+																					
A. Islamova	Timberlake, Alan	A Reference Grammar of Russian	2004	rus	503	-	-	-	+	+	+																					
A. Islamova	Hammond, Lila	Serbian: an essential grammar	2005	srp	321	-	-	-	+	+	+																					
A. Islamova	Kordić, Snjeźana	Serbo-Croatian	1997	hbs	71	+	+	-	+	+	+																					
A. Islamova	Гудков, В. П.	Сербохорватский язык: грамматический очерк, литературные тексты с комментариями и словарем	1969	hbs	168	-	+	+	-	+	-																					
A. Islamova	Derbyshire, William W.	A Basic Reference Grammar of Slovene	1993	slv	160	-	-	-	+	+	-																					
A. Islamova	Greenberg, Marc L.	A Short Reference Grammar of Standard Slovene	2006	slv	186	-	+	-	+	+	+																					
A. Islamova	Danyenko, Andrii and Vakulenko, Serhii	Ukrainian	1995	ukr	65	+	+	-	+	+	-																					
A. Islamova	Pugh, Stefan M. and Press, Ian	Ukrainian: A Comprehensive Grammar	1999	ukr	315	-	-	-	+	+	-																					
A. Islamova	Killingley, Siew-Yue	Cantonese	1993	yue	50	+	+	-	+	+	-																					
A. Islamova	Lin, Hua	A Grammar of Manarin Chinese	2001	cmn	201	+	-	-	+	+	-																					
A. Islamova	Li, Charles N. and Thompson, Sandra A.	Mandarin Chinese: A Functional Reference Grammar	1981	cmn	691	+	-	-	+	+	-																					
A. Islamova	Gui, Ming Chao 	Kunming Chinese	2000	cmn	111	+	+	+	+	+	+																					
A. Islamova	Hildebrandt, Kristine A.	A Grammar and Glossary of the Manange Language	2004	nmm	210	+	+	+	+	+	+																					
A. Islamova	Matisoff, James. A.	The Grammar of Lahu	1982	lhu	693	-	-	-	-	+	-																					
A. Islamova	Shixuan, Xu	The Bisu Language	2001	bzi	290	+	+	-	-	+	-																					
A. Islamova	Plaisier, Heleen	A Grammar of Lepcha	2007	lep	254	+	+	+	-	+	+																					
A. Islamova	Denwood, Philip	Tibetan	1999	bod	372	+	+	-	-	+	-																					
A. Islamova	Doornenbal, Marius	A grammar of Bantawa	2009	bap	497	+	+	+	+	+	+																					
A. Islamova	Ebert, Karen	Camling (Chamling)	1997	rab	76	+	-	-	+	+	+																					
A. Islamova	Ходж, Стефен	Введение в классический тибетский язык	1997	bod	193	-	+	-	-	+	-																					
A. Islamova	King, John T.	A Grammar of Dhimal	2009	dhi	653	+	+	+	+	+	+																					
A. Islamova	Lahaussois, Aimée	Aspects of the grammar of Thulung Rai: an endangered Himalayan language	2002	tdh	390	+	+	+	+	+	+																					
A. Islamova	Рерих, Ю. Н.	Тибетский язык	2001	bod	135	-	+	+	+	+	-																					
A. Islamova	Watters, David E.	A Grammar of Kham	2004	kjl	477	+	+	+	+	+	+																					
A. Islamova	Willis, Christina M.	A Descriptive Grammar of Darma: An Endangered Tibeto-Burman Language	2007	drd	597	+	+	+	+	+	+																					
A. Islamova	van Breugel, Seino	A Grammar of Atong	2008	aot	726	+	+	+	-	+	+																					
A. Islamova	Shafer, Robert	Khimi Grammar and Vocabulary	1943	cmr	434	-	-	+	-	+	-																					
A. Islamova	Post, Mark William	A Grammar of Galo	2007	adl	947	+	+	-	+	+	+																					
A. Islamova	Abraham, P. T.	Apatani Grammar	1985	apt	187	+	+	-	+	+	-																					
A. Islamova	Daudey, Gerdine Henriette 	A grammar of Wadu Pumi	2014	pmi	626	+	+	-	-	+	+																					
A. Islamova	Sun, Hongkai and Liu, Guangkun	A Grammar of Anong	2009	nun	394	+	+	+	-	+	+																					
A. Islamova	Chelliah, Shobhana Lakshmi	A Grammar of Meithei	1997	mni	539	+	+	+	+	+	+																					
A. Islamova	Konnerth, Linda Anna	A Grammar of Karbi	2014	mjw	749	+	+	-	+	+	+																					
A. Islamova	Jacques, Guillaume	Phonologie et morphologie du Japhug	2004	jya	530	+	-	-	+	+	+																					
A. Islamova	Кепинг, К. Б.	Тангутский язык: морфология	1985	txg	367	-	+	-	+	+	-																					
A. Islamova	Brassett, Cecilia and Brassett, Philip and Lu, Meiyan	The Tujia Language	2006	tji	218	+	+	+	-	+	-																					
A. Islamova	Haarh, Erik	The Zhang-zhung language: A grammar and dictionary of the unexplored language of the Tibetan Bonpos 	1968	-	43	+	-	+	-	+	+																					
A. Islamova	Hyslop, Gwendolyn	A Grammar of Kurtöp	2011	xkz	729	+	+	-	+	+	+																					
A. Islamova	Sumiswald, Manuel Widmer	A descriptive grammar of Bunan	2014	kzt	886	+	+	+	+	+	+																					
A. Islamova	Lahaussois, Aimée	Aspects of the Grammar of Thulung Rai: An endangered Himalayan Language	2002	tdh	390	+	+	+	+	+	+																					
A. Islamova	Schackow, Diana	A Grammar of Yakkha	2014	ybh	578	+	+	-	+	+	+																					
A. Islamova	Schackow, Diana	A Grammar of Yakkha	2015	ybh	603	+	+	-	+	+	+																					
A. Islamova	Ariste, Paul	A Grammar of the Votic Language	1968	vot	121	-	-	-	+	+	-																					
A. Islamova	Karlsson, Fred	Finnish: An Essential Grammar	1999	fin	268	-	-	-	+	+	+																					
A. Islamova	Зайков, П. М.	Грамматика карельского языка (фонетика и морфология)	1999	krl	120	-	-	-	-	+	-																					
A. Islamova	Зайцева, М. И.	Грамматика вепсского языка	1981	vep	360	-	-	-	+	+	-																					
A. Islamova	Емельянов, А. И. 	Грамматика вотяцкого языка	1927	udm	164	-	-	-	-	+	+																					
A. Islamova	Серебренников, Б. А. и Керт, Г. М.	Грамматика финского языка: фонетика и морфология	1958	fin	296	-	-	-	-	+	-																					
A. Islamova	Rounds, Carol	Hungarian: An Essential Grammar	2001	hun	314	-	-	-	-	+	+																					
A. Islamova	Filchenko, Andrey Yury	A Grammar of Eastern Khanty	2007	kca	588	+	+	+	-	+	-																					
A. Islamova	Nikolaeva, Irina	Ostyak	1999	kca	106	+	+	-	+	+	-																					
A. Islamova	Riese, Timothy	Vogul	2001	mns	87	+	+	+	+	+	+																					
A. Islamova	Ромбандеева, Е. И. 	Мансийский (вогульский) язык	1973	mns	207	-	-	-	-	+	-																					
A. Islamova	Alhoniemi, Alho	Grammatik des Tscheremissischn (Mari)	1993	chm	253	-	+	+	-	+	-																					
A. Islamova	Winkler, Eberhard	Udmurt	2001	chm	85	+	+	-	+	+	-																					
A. Islamova	Алатырева, В. И.	Грамматика современного удмуртского языка. Синтаксис простого предложения	1970	chm	246	-	-	-	-	+	+																					
A. Islamova	Перевощиков, П. Н. и Вахрушев, В. М. и Алатырев, В. И. и Позднева, А. А. и Тараканов, И. В. 	Грамматика современного удмуртского языка. Фонетика и морфология	1962	chm	376	-	-	-	-	+	+																					
A. Islamova	Алатырева, В. И.	Грамматика современного удмуртского языка. Синтаксис сложного предложения	1974	chm	167	-	-	-	-	+	+																					
A. Islamova	Лыткин, В. И.	Современный коми язык. Фонетика, лексика, морфология	1955	kom	312	-	-	-	+	+	-																					
A. Islamova	Тепляшина, Т. И.	Язык бесермян	1970	chm	287	-	+	-	-	+	-																					
A. Islamova	Алатырев, В. И.	Краткий грамматический очерк удмуртского языка	1983	chm	591	-	-	-	+	+	+																					
A. Islamova	Терешкин, Сергей Николаевич	Йоканьгский диалект саамского языка	2002	smi	145	-	-	-	+	+	-																					
A. Islamova	Wilbur, Joshua	A grammar of Pite Saami	2014	sje	280	+	-	-	+	+	+																					
A. Islamova	Kuennap, Ago	Kamass	1999	xas	46	+	+	-	+	+	-																					
A. Islamova	Kuennap, Ago	Enets	1999	enf	46	+	+	-	+	+	-																					
A. Islamova	Кузнецова, А. И. и Хелимский Е. А. и Е. В. Грушкина	Очерки по селькупскому языку	1980	sel	408	-	-	-	+	+	-																					
A. Islamova	Nikolaeva, Irina	A Grammar of Tundra Nenets	2014	yrk	511	+	+	-	+	+	+																					
A. Islamova	Терещенко, Н. М.	Нганасанский язык	1979	nio	322	-	-	-	+	+	-																					
A. Islamova	Терещенко, Н. М.	Очерк грамматики ненецкого (юрако-самоедского) языка	1947	yrk	271	-	+	-	+	+	+																					
A. Islamova	Жовницкая, С. Н.	Нганасанский язык		nio	92	-	-	-	+	+	-																					
A. Islamova	Беккер, Э. Г. и Алиткина, Л. А. и Быконя, В. В. и Ильяшенко, И. А.	Морфология селькупского языка	1995	sel	284	-	-	-	-	+	-																					
A. Islamova	Georg, Stefan	A Descriptive Grammar of Ket (Yenisei-Ostyak) Part 1: Introduction, Phonology, Morphology	2007	ket	328	+	-	-	+	+	+																					
A. Islamova	Vajda, Edward J.	Ket	2004	ket	99	+	+	-	+	+	-																					
A. Islamova	Валл, М. Н. и Канакин, И. А.	Очерк фонологии и грамматики кетского языка	1990	ket	99	-	-	-	-	+	-																					
A. Islamova	Werner, Heinrich	Das Jugische (Sym-Ketische)	1997	yug	310	-	+	-	+	+	-																					
A. Islamova	Werner, Heinrich	Die kettische Sprache	1997	ket	405	-	+	-	+	+	-																					
A. Islamova	Вернер, Г. К.	Коттский язык	1990	zko	409	-	-	+	+	+	-																					
A. Islamova	Мещанинов, И. И,	Грамматический строй урартского языка. Часть первая: именные части речи	1958	xur	149	-	-	-	-	+	-																					
A. Islamova	Мещанинов, И. И,	Грамматический строй урартского языка. Часть вторая: структура глагола	1992	xur	85	-	-	-	-	+	-																					
A. Islamova	Mottin, Jean	Elements de Grammaire Hmong Blanc	1978	mww	212	-	-	+	-	+	-																					
N. Mustafina	Helen Eaton	A Sandawe Grammar	2010	Sandawe[sad]	206	+	-	-	+	+	+																					
N. Mustafina	Sander Steeman	A grammar of Sandawe	2011	Sandawe[sad]	266	+	+	-	+	+	+																					
N. Mustafina	Paul und Inge Meier, John Bendor-Samuel	A grammar of Izi	1975	Izi[izii]	282	-	+	-	-	+	-																					
N. Mustafina	Elaine Thomas	A grammatical description of the Engenni language	1978	Engenni[enn]	191	-	+	-	-	+	-																					
N. Mustafina	Jean Leopold Diouf	Grammaire du Wolof Contemporain	2009	Nuclear Wolof[wol]	223	-	-	-	+	+	+																					
N. Mustafina	Fallou Ngom	Wolof	2003	Nuclear Wolof[wol]	111	-	+	-	+	+	-																					
N. Mustafina	Gullilaume Segerer	Description de la langue Bijogo	2000	Bidyogo[bjg]	446	+	-	+	-	+	+																					
N. Mustafina	Urs & Idda Niggli	Grammaire elementaire du Kasem 	2008	Kasem[xsm]	116	-	-	-	+	+	+																					
N. Mustafina	Kofi Dorvlo	A Grammar of Logba (Ikpana)	2008	Logba[lgq]	466	+	+	+	+	+	+																					
N. Mustafina	Virginia Lee Boyd	A Phonology and Grammar of Mbodomo	1997	Mbodomo[gmm]	236	+	+	-	+	+	+																					
N. Mustafina	Urs & Idda Niggli	Grammaire élémentaire du Ninkare	2008	Farefare[gur]	129	-	-	-	+	+	+																					
N. Mustafina	Faidherbe, Leon	Grammaire et vocabulaire du la langue Poul	1882	Pulaar[fuc]	169	-	-	+	-	+	-																					
N. Mustafina	Pius Tamanji	A Sketch Grammar of the Bafut Language	2010	Bafut[bfd]	201	+	-	-	+	+	+																					
N. Mustafina	Aimee Johansen Almet	The clause structure of the Shimaore dialect of Comorian	2009	Maore Comorian[swb]	275	+	+	-	+	+	-																					
N. Mustafina	Odette Ambouroue	Eléments de description de l’orungu Langue bantu du Gabon (B11b)	2006-2007	Myene[mye]	409	+	-	+	+	+	+																					
N. Mustafina	Edmond Biloa	The Syntax of Tuki: A Cartographic Perspective	2013	Tuki[bag]	637	+	-	-	+	+	+																					
N. Mustafina	Thera M. Crane, Larry M. Hyman & Simon Nsielanga Tukumu	A Grammar of Nzadi [B.865]	2011	Nzadi	301	+	+	+	+	+	+																					
N. Mustafina	Margaret Dunham	Élémentsde description du Langi langue Bantu F.33 de Tanzanie	2005	Langi[lag]	327	+	-	+	+	+	+																					
N. Mustafina	Derek Fivaz	Some aspects of Shona structure (Zezuru Dialect)	1966	Shona[sna]	127	-	-	-	+	+	-																					
N. Mustafina	George Fortune	An outline of Silozi Grammar	2001	Lozi[loz]	105	-	-	-	+	+	+																					
N. Mustafina	Riikka Halme	A tonal grammar of Kwanyama	2004	Kwanyama[kua]	158	+	+	+	+	+	-																					
N. Mustafina	И.П. Яковлева	Язык Ганда (Луганда)	1961	Ganda[lug]	63	-	+	-	+	+	-																					
N. Mustafina	John M.Mugane	A paradigmatic grammar of Kikuyu	1997	Kikuyu[kik]	91	+	-	+	+	+	-																					
N. Mustafina	Nasiombe Mutonyi	Aspects of Bukusu morphology and phonology	2000	Bukusu[bxk]	323	-	-	-	+	+	-																					
N. Mustafina	Abdoulaye Laziz Nchare	The Grammar of Shupamem	2012	Bamun[bax]	601	+	-	-	+	+	+																					
N. Mustafina	И.Н. Топорова	Очерк грамматики языка галва	2014	Myene[mye]	178	+	+	+	+	+	+																					
N. Mustafina	Mark L. O. Van de Velde	A Grammar of Eton	2008	Eton[eto]	432	+	+	+	+	+	+																					
N. Mustafina	D.P. Lombard	Introduction to the Grammar of Northern Sotho	1985	Pedi (Northern Sotho)[nso]	203	-	-	-	+	+	-																					
N. Mustafina	Anthony J.Vitale	Swahili Syntax	1981	Swahili[swh]	214	-	-	-	+	+	-																					
N. Mustafina	John Robert Watters	A Phonology and Morphology of Ejagham	1981	Ejagham[etu]	549	-	-	-	+	+	-																					
N. Mustafina	И.С Аксенова,  И.Н. Топорова	Грамматика языка аква	2002	Akwa[akw]	336	+	+	-	+	+	-																					
N. Mustafina	A. Jacquot	Etudes Beembe (Congo)	1981	Beembe[beq]	106	-	+	-	-	+	+																					
N. Mustafina	Hazel Carter	An outline of Chitonga grammar	2002	Tonga (Zambia)[toi]	83	-	-	-	+	+	+																					
N. Mustafina	И.С. Рябова	Язык Дабида	2000	Taita[dav]	192	-	+	+	-	+	-																					
N. Mustafina	Н.В. Охотина	Язык Зулу	1960	Zulu[zul]	71	-	+	-	+	+	-																					
N. Mustafina	George Shultz	Kom language grammar sketch	1997	Kom (Cameroon)[bkm]	41	+	+	-	+	+	+																					
N. Mustafina	И.С Аксенова,  И.Н. Топорова	Язык Курия	1994	Kuria[kuj]	202	-	+	-	+	+	-																					
N. Mustafina	A. Jacquot	Etudes linguistiques Laadi	1957	Laari[ldi]	247	-	-	-	-	+	+																					
N. Mustafina	A.C. Madan	Lala-lamba Handbook / The Wisa-lala dialect	1908	Lala-Bisa[leb]	143	-	+	+	+	+	-																					
N. Mustafina	И.Н. Топорова	Грамматика языка лингала	1994	Lingala[lin]	260	-	+	-	+	+	-																					
N. Mustafina	William Henry Westcott	Concise grammar of Luna Inkongo	1979	Luna[luj]	99	-	-	-	+	+	-																					
N. Mustafina	Pieter Jacob Kraal	A grammar of Makonde	2005	Makonde[kde]	433	+	+	+	+	+	+																					
N. Mustafina	G.Fortune	Shona Grammatical Constructions (Vol.1)	1984	Shona[sna]	193	-	-	-	+	+	-																					
N. Mustafina	G.Fortune	Shona Grammatical Constructions (Vol.2)	1984	Shona[sna]	160	-	-	-	+	+	-																					
N. Mustafina	Е.Н. Мячина	Язык Суахили	1960	Swahili[swh]	57	-	+	+	+	+	-																					
N. Mustafina	Б.С. Фихман	Язык Игбо	1975	Igbo[ibo]	69	-	+	+	+	+	-																					
N. Mustafina	Wilhelm J.G. Moehlig & Bernd Heine	A Reference Grammar of Oko	2010	Oko-Eni-Osayen[oks]	311	+	+	-	+	+	-																					
N. Mustafina	Atoyebi, Joseph Dele	A Reference Grammar of Oko	2009	Oko-Eni-Osayen[oks]	442	+	-	-	+	+	+																					
N. Mustafina	Abbie E Hantgan	A Grammar of Bangiime	2008	Bangime[dba]	76	+	+	-	+	+	+																					
N. Mustafina	Jeffrey Heath	A Grammar of the Dogon of Beni (Ben Tey)	2008	Ben Tey Dogon[dbt]	284	+	-	-	+	+	+																					
N. Mustafina	Jeffrey Heath	A Grammar of Walo	2009	Walo Kumbe Dogon[dwl]	171	+	+	-	+	+	+																					
N. Mustafina	Jeffrey Heath	A Grammar of Yanda-Dom	2009	Yanda Dom Dogon[dym]	363	+	+	-	+	+	+																					
N. Mustafina	Jeffrey Heath	A Grammar of Najamba	2008	Bondum Dom Dogon[dbu]	409	+	-	-	+	+	+																					
N. Mustafina	Mercy Bobuafor	A Grammar of Tafi	2013	Tafi[tcd]	467	+	+	-	+	+	+																					
N. Mustafina	Kwasi Fiaga	Grammaire Ewe	1976	Ewe[ewe]	103	-	+	-	+	+	-																					
N. Mustafina	Yekpe Hermann Sena Coovi	Systematique de la langue Fon	1987-1988	Fon[fon]	358	-	-	-	+	+	-																					
N. Mustafina	Berry, Jack & Aidoo, Agnes Akosua	An introduction to Akan	1975	Akan[aka]	342	-	+	+	+	+	-																					
N. Mustafina	Edward Jay Allan	A grammar of Buem: the Lelemi language	1973	Lelemi[lef]	478	-	+	-	+	+	-																					
N. Mustafina	Remy Bole-Richard	Systematique phonologique et grammaticale d'un parler Ewe	1983	Ewe[ewe]	343	-	-	-	+	+	-																					
N. Mustafina	Eric A Morley	A grammar of Ajagbe	2010	Aja (Benin)[ajg]	114	+	-	-	+	+	-																					
N. Mustafina	Franz Wolf	Grammatik des Kogboriko (Togo)	1907	Akebu[keu]	398	-	+	-	+	+	-																					
N. Mustafina	Franz Wolf	Grammatik der Kposo-Sprache (Nord-Togo, West-Afrika)	1909	Ikposo[kpo]	517	-	+	-	+	+	-																					
N. Mustafina	Gbandi Adouna	Description phonologique et grammaticale du konkomba	2009	Konkomba[xon]	386	+	+	-	+	+	+																					
N. Mustafina	Stefan Elders	Grammaire Mundang	2000	Mundang[mua]	622	+	+	-	+	+	-																					
N. Mustafina	Higdon L.	An overview of Gangam language	2001	Ngangam[gng]	53	+	+	-	+	+	-																					
N. Mustafina	Beteo Denis Nebie	Elements phonologiques et morphosyntaxe verbale du Nuni 	1981-1982	Southern Nuni[nnw]	280	-	+	-	+	+	-																					
N. Mustafina	Kenneth S. Olson	The phonology and morphology of Mono	2001	Mono (Democratic Republic of Congo)[mnh]	355	+	+	+	+	+	+																					
N. Mustafina	William J.Samarin	The Gbeya language / Grammar, texts and vocabularies	1966	Northwest Gbaya[gya]	243	-	+	+	+	+	-																					
N. Mustafina	Wendy Schottman	Aspects de la grammaire du Baatonum	1983	Baatonum[bba]	106	-	+	-	-	+	-																					
N. Mustafina	Anne Schwarz	Aspekte der Morphosyntax und Tonologie im Buli	2004	Buli (Ghana)[bwu]	316	+	-	-	+	+	+																					
N. Mustafina	Leslie H.Stennes	A Reference Grammar of Adamawa Fulani	1967	Adamawa Fulfulde[fub]	277	-	+	-	+	+	-																					
N. Mustafina	Denis Creissels	Le maninka du Niokolo (Sénégal oriental) / esquisse phonologique et morphosyntaxique, liste lexicale, textes glosés	2013	Western Maninkakan[mlq]	214	+	+	+	+	+	+																					
N. Mustafina	Maxwell Macbrair	A Grammar of the Mandingo language	1837	Mandinka[mnk]	67	-	+	+	+	+	+																					
N. Mustafina	Denis Paperno	Grammatical sketch of Beng	2014	Beng[nhb]	130	+	+	+	+	+	+																					
N. Mustafina	Wesley Sadler	A Complete Analysis of the Looma Language	1949	Loma (Liberia)[lom]	109	+	-	-	+	+	+																					
N. Mustafina	WM.E. Welmers	A Grammar of Vai	1976	Vai[vai]	143	-	+	-	+	+	-																					
N. Mustafina	М.В. Дьячков	Язык Крио	1981	Krio[kri]	60	-	+	+	-	+	-																					
N. Mustafina	М.В. Дьячков, А.А. Леонтьев, Е.И. Торсуева	Язык Ток-писин (неомеланезийский)	1981	Tok Pisin[tpi]	69	-	+	+	-	+	-																					
N. Mustafina	Jean-Alexis Mfoutou	Grammaire et lexique munukutuba	2009	Kituba[ktu]	343	-	-	+	-	+	+																					
N. Mustafina	Samarin, William J.	Sango	2013	Sango[sag]	146	-	+	-	-	+	-																					
N. Mustafina	S. Joy Tobler	The Grammar of Karipuna Creole	1983	Karipúna Creole French[kmv]	97	+	-	+	+	+	+																					
N. Mustafina	Ellen B. Woolford	Aspects of Tok Pisin Grammar	1979	Tok Pisin[tpi]	118	-	-	+	-	+	+																					
N. Mustafina	S.A. Wurm and J.B. Harris	Police Motu 	1963	Motu[meu]	82	-	-	+	-	+	+																					
N. Mustafina	Dwijen Bhattacharijya	The genesis and development of Nagamese: its social history and linguistic structure	2001	Naga Pidgin[nag]	469	+	+	-	+	+	-																					
N. Mustafina	Mous, Marten	Ma'a or Mbugu	1994	Mbugu[mhd]	200	+	-	-	+	+	-																					
N. Mustafina	Hugo C.Cardoso	The Indo-Portuguese language of Diu	2009	Daman-Diu Portuguese	335	+	+	-	+	+	+																					
N. Mustafina	Hermina Berndina Hendriks	Jordanian Sign Language: Aspects of grammar from a cross-linguistic perspective	2008	Jordanian Sign Language[jos]	257	-	+	+	+	+	+																					
N. Mustafina	Victoria Anna Sophie Nyst	A Descriptive Analysis of Adamorobe Sign Language (Ghana)	2007	Adamorobe Sign Language[ads]	245	-	-	-	-	+	+																					
N. Mustafina	Laercio Nora Bacelar	Gramatika da lingua Kanoe	2004	Kanoe[kxo]	326	+	+	-	+	+	+																					
N. Mustafina	Dietz Otto Edzard	Sumerian Grammar	2003	Sumerian[sux]	196	-	-	-	+	+	+																					
N. Mustafina	Daniel A Foxvog	Introduction to Sumerian grammar	2009	Sumerian[sux]	169	-	-	-	+	+	+																					
N. Mustafina	M. Katherine Peeke	Preliminary Grammar of Auca	1973		133	-	-	-	+	+	-																					
N. Mustafina	Marianna C. Slocum	Gramatica Paez	1986	Paez[pbb]	171	-	-	-	+	+	-																					
N. Mustafina	Marie Louise Thomsen	The Sumerian language	1984	Sumerian[sux]	376	-	-	-	+	+	+																					
N. Mustafina	Erik van Gijn	A grammar of Yurakare	2006	Yuracare[yuz]	361	+	+	-	+	+	+																					
N. Mustafina	David E. Watters	Notes on Kusunda Grammar / A Language Isolate of Nepal	2006	Kusunda[kgg]	180	+	-	+	+	+	+																					
N. Mustafina	Raoul Zamponi	Betoi	2003		59	+	+	-	+	+	+																					
N. Mustafina	Ivy Kellerman	A complete grammar of Esperanto	1910	Esperanto[epo]	325	-	-	+	+	+	-																					
N. Mustafina	Mily Crevels 	Itonama o Sihnipadara, Lengua no clasiﬁ cada  de la Amazonía Boliviana	1985	Itonama[ito]	56	+	-	-	-	+	-																					
N. Mustafina	John R. Bentley	A Descriptive Grammar of Early Old Japanese Prose	2001	Old Japanese[ojp]	283	+	+	-	+	+	+																					
N. Mustafina	Komai	A Grammar of Classical Japanese	1979	Nuclear Japanese[jpn]	197	-	-	+	-	+	-																					
N. Mustafina	В.М. Алпатов	Теоретическая грамматкиа японского языка. Книга 1	2008	Nuclear Japanese[jpn]	538	-	-	-	+	+	-																					
N. Mustafina	В.М. Алпатов	Теоретическая грамматкиа японского языка. Книга 2	2008	Nuclear Japanese[jpn]	447	-	-	-	-	+	-																					
N. Mustafina	Masahiro Tanimori	Handbook of Japanese grammar	1994	Nuclear Japanese[jpn]	320	-	-	+	-	+	-																					
N. Mustafina	Stefan Kaiser	Japanese: a comprehensive grammar	2001	Nuclear Japanese[jpn]	636	-	-	-	-	+	+																					
N. Mustafina	Susumu Kuno	The Structure of the Japanese language	1933	Nuclear Japanese[jpn]	407	-	-	-	+	+	-																					
N. Mustafina	Jesús Mario Girón Higuita	Una gramatica del Wansojot(Puinave)	2008	Puinave[pui]	463	+	+	-	-	+	+																					
N. Mustafina	 Kirsten Refsing	The Ainu language / The morphology and syntax of the Shizunai dialect		Ainu[ain]	295	-	-	-	+	+	-																					
N. Mustafina	Keedong Lee	A Korean grammar on semantic-pragmatic principles	1993	Korean[kor]	565	-	-	-	+	+	-																					
N. Mustafina	Hansol H.B. Lee	Korean grammar	1989	Korean[kor]	213	-	-	-	+	+	-																					
N. Mustafina	Jae Jung Song	The Korean language / Structure, use and context	2005	Korean[kor]	182	+	-	-	+	+	+																					
N. Mustafina	G.J. Ramstedt	A Korean grammar	1939	Korean[kor]	226	-	-	-	+	+	-																					
N. Mustafina	Ekaterina Gruzdeva	Nivkh	1998	Nivkh[niv]	66	+	+	-	+	+	-																					
N. Mustafina	В.З. Панфилов	Грамматика нивхского языка ч.2	1965	Nivkh[niv]	258	-	+	-	+	+	-																					
N. Mustafina	Abraham Hendrik Jagersma	A Descriptive Grammar of Sumerian	1955	Sumerian[sux]	749	+	-	-	+	+	+																					
N. Mustafina	Raquel Guirardello	A reference grammar of Trumai	1999	Trumai[tpy]	452	-	+	-	+	+	+																					
N. Mustafina	Jesse Beach	The Morphology of Modern Western Abenaki	2004	Western Abenaki[abe] 	154	+	-	-	+	+	+																					
N. Mustafina	Andrew Cowell & Alonzo Moss	The Arapaho language	2008	Arapaho[arp] 	505	+	-	+	+	+	+																					
N. Mustafina	Jessie Little Doe Fermino	An introduction to Wampanoag grammar	2000	Wampanoag[wam] 	64	-	-	-	-	+	-																					
N. Mustafina	Holly Suzanne Gustafson	A grammar of the Nipmuck language	2000	Loup A[xlo] (это nipmuck) 	152	-	-	-	+	+	+																					
N. Mustafina	H.E. Hives	Cree grammar	1948	Southern East Cree[crj] 	101	-	+	+	+	+	+																					
N. Mustafina	Robert M. Leavitt	Passamaquoddy-Maliseet	1996	Malecite-Passamaquoddy[pqm] 	60	+	+	-	+	+	+																					
N. Mustafina	Louis Nikolas	Grammaire algonquine ou des sauvages de l'Amérique septentrionale	1672	Algonquin[alq] 	135	-	-	+	+	+	-																					
N. Mustafina	M. Labbe Cuoq	Grammaire de la langue Algonquine	1890	Algonquin[alq] 	119	-	-	-	+	+	-																					
N. Mustafina	Donald G.Franzt	Blackfoot grammar	1991	Siksika[bla] 	154	+	-	-	+	+	-																					
N. Mustafina	John Summerfield	Sketch of grammar of the Chippeway language	1834	Chippewa[ciw] 	34	-	+	+	+	+	-																					
N. Mustafina	Ptre Lacombe	Grammaire de la langue des Cris	1874	Plains Cree[crk] 	184	-	-	-	+	+	-																					
N. Mustafina	A.F. Chamberlain	The language of Mississagas of Skugog	1892	Eastern Ojibwa[ojg] 	84	-	+	+	-	+	-																					
N. Mustafina	Pere Laurent Legoff	Grammaire de la langue Montagnaise	1889	Chipewyan[chp] 	352	-	+	-	-	+	-																					
N. Mustafina	Edward F. Wilson	Manual of the Ojebway language	1874	Northwestern Ojibwa[ojb] 	413	-	+	-	-	+	-																					
N. Mustafina	R.R.Bishop Baraga	Grammar of the Otchipwe language	1878	Chippewa[ciw]	422	-	-	+	+	+	-																					
		Principles de la langue Sauteuse	1889	Western Ojibwa[ojw]	147	-	-	-	+	+	-																					
	R. M. W. Dixon	The Jarawara Language of Southern Amazonia	2004	Jamamadí[jaa] 	633	+	+	+	+	+	+																					
	Ineke Smeets	A Grammar of Mapuche	2007	Mapudungun[arn]	581	+	+	+	+	+	+																					
	Fernando Zuniga	Mapudungun	2000	Mapudungun[arn]	86	+	+	-	+	+	-																					
	Sydney da Silva Facundes	The language of the Apurina people of Brazil	2000	Apurinã[apu]	663	+	+	+	+	+	+																					
	Rebecca Hanson	A Grammar of Yine (Piro)	2010	Yine[pib]	387	+	+	-	+	+	+																					
	Michel Launey	Awna parikwaki Introduction / à la langue palikur de Guyane et de l'Amapa	2003	Palikúr[plu]	262	-	+	+	+	+	+																					
	Elena Mihas	Essentials of Asheninka Perene Grammar	2010	Ashéninka Perené[prq]	320	+	+	+	+	+	+																					
	David L.Payne	The phonology and morphology of Axininca Campa	1981	Ajyíninka Apurucayali[cpc]	281	-	+	+	-	+	-																					
	Por Orland Rowan and Eunice Burgess	Gramatica Parecis	2008	Parecís[pab]	118	+	-	-	+	+	+																					
	Peter J.Wilson	Una descripcion preliminar de la gramatica Achagua(Arawak)	1992	Achagua[aca]	181	+	+	+	+	+	-																					
	David L.Payne	Morfologia, Fonologia y Fonetica del Asheninca del Apurucayali (Campa - Arawak Preandino) 	1982	Ajyíninka Apurucayali[cpc]	303	-	+	-	-	+	-																					
	Kenneth E.Swift	Morfologia del Caquinte	1988	Caquinte[cot]	211	-	+	-	-	+	-																					
	Trevor R.Allin	A grammar of Resigaro (bound in 3 volumes)	1976	Resígaro[rgr]	528	-	+	+	-	+	-																					
	Ilda de Suoza	Koenukunoe Emo'u / A língua dos índios Kinikinau	2007	Guana (Brazil)[gqn]	139	+	-	-	+	+	+																					
	Martha Duff-Tripp	Gramatica del idioma Yanesha' (Amuesha)	1997	Yanesha'[ame]	250	-	-	-	+	+	-																					
	Martha. J. Hardman, Juana Vásquez y Juan de Dios Yapita	Aymara compendio de estructura fonologica y gramatical	2001	Central Aymara[ayr]	300	-	+	-	+	+	+																					
	Douglas R.Parks and others	Introduction to the Arikara language	1979	Arikara[ari]	445	-	-	+	-	+	-																					
	Hendrik Courtz	A Carib grammar and dictionary	2007	Galibi Carib[car]	511	+	+	+	+	+	+																					
	Sergio Meira	A Grammar Of Tiriyo	1999	Trió [tri]	642	+	+	+	+	+	-																					
	Petronila da Silva Travares	A Grammar of Wayana	2005	Wayana[way]	461	+	-	-	+	+	-																					
		La ensenanza de la Lectura y la Gramatica en la lengua vernacula cashibo	1984	Cashibo-Cacataibo[cbr]	98	-	-	+	-	+	-																					
	Sergio Meira	A Reconstruction of Proto-Taranoan Phonology and Inflectional Morphology	1998	Trió [tri]	195	-	-	+	+	+	-																					
	Daniel L.Everett and Barbara Kern	Wari' / The Pacaas Novos Language of Western Brazil	1997	Wari'[pav]	504	+	+	+	-	+	+																					
	J. Diego Quesada	A Grammar of Teribe	2000	Teribe[tfr]	197	+	+	-	+	+	-																					
	Even Hovdhaugen	Mochica	2004	Mochica[omc]	77	+	-	-	+	+	-																					
	Margaret Langdon	A Grammar Of Diegueno / The Mesa Grande Dialect	1962	Kumiai[dih]	199	-	-	-	-	+	-																					
	Angel Cayo Atienza	El idioma Katio	2002	Emberá-Catío[cto]	171	-	+	+	-	+	-																					
	Richard Brian Applegate	Eneseno Chumash Grammar	1966	Ineseño [inz]	539	-	-	-	-	+	-																					
	Steven A.Jacobson	A Grammatical sketch of Siberian Yupik Eskimo	1977	Central Siberian Yupik[ess]	99	-	-	-	+	+	-																					
	Г.А. Меновщиков, Н.Б. Вахтин	Эскимосский язык	1990		298	-	-	+	+	+	+																					
	Elke Nowak	Inuktitut / Eine grammatische Skizze	2008	Kalaallisut[kal]	81	+	+	-	+	+	-																					
	Jerrold M.Sadock	A Grammar of Kalaallisut (West Greenlandic Inuttut)	2003	Kalaallisut[kal]	75	+	+	-	+	+	+																					
	Anthony Cabot Woodbury	Study of the Chevak Dialect of Centrak Yup'ik Eskimo	1981	Central Yupik[esu]	496	-	-	-	+	+	-																					
		Grammaire de la langue Innok			38	-	-	-	+	+	-																					
	Maria Filomena Sandalo	A Grammar of Kadiweu	1997	Kadiwéu[kbc]	151	+	-	+	+	+	-																					
	William Bright and others	Maricopa Morphology and Syntax	1986	Maricopa[mrc]	362	-	-	-	+	+	-																					
	Clifford Abbott	Oneida Teaching Grammar	2006	Oneida[one]	161	-	-	+	+	+	+																					
	Jaime German Pena	A Grammar of Wampis	2015	Huambisa[hub]	930	+	+	-	+	+	+																					
	George Michel Saad	A grammar sketch of Shuar	2014	Shuar[jiv]	180	+	-	-	+	+	-																					
	Gerhard y Ruby Fast	Introduccion al idioma Achuar	1981	Achuar-Shiwiar[acu]	145	-	-	-	+	+	-																					
	Gerhard Fast & Mildred L.Larson	Introduccion al idioma Aguaruna	1974	Aguaruna[agr]	111	-	-	-	+	+	-																					
	Zoraide dos Anjos	Fonologia e Gramatica Katukina-Kanamari	2011	Kanamari[knm]	430	+	-	-	-	+	+																					
	Ruth McLeod&Valerie Mitchell	Aspectos da lingua Xavante	2003	Xavánte[xav]	198	-	-	-	-	+	+																					
	Christiane Cuhna de Oliveira	The language of the Apinaje people of Central Brazil	2005	Apinayé[apn]	444	+	+	+	+	+	+																					
	Flávia de Castro Alves	O Timbira falado pelos canela apaniekra: uma contribuicao aos estudos da morfossintaxe de uma lingua je	2004	Krikati-Timbira[xri]	164	+	-	-	+	+	+																					
	William F.Shipley	Maidu grammar	1964	Northeast Maidu[nmu]	101	-	+	-	+	+	-																					
	Alain Fabre	Estudio gramatical de la lengua Nivacle	2014	Nivaclé[cag]	343	+	+	-	-	+	+																					
	Lynda J. de Jong Boudreault	A Grammar of Sierra Popoluca	2009	Highland Popoluca[poi]	1049	+	+	+	-	+	+																					
	Jan Terje Faarlund	A Grammar of Chiapas Zoque	2012	Rayón Zoque[zor]	95	+	-	-	+	+	-																					
	Heidi Anna Johnson	A Grammar of San Miguel Chimalapa Zoque	2000	Chimalapa Zoque[zoh]	424	+	+	+	+	+	+																					
	George Aaron Broadwell	A Choctaw Reference Grammar	2006	Choctaw[cho]	403	+	+	-	+	+	+																					
	David M. Eberhard	Mamaindê Grammar: A Northern Nambikwara language and its cultural context	2009	Mamaindé[wmd]	585	+	-	-	+	+	+																					
	Barbara Kroeker	Aspectos da lingua Nambikuara	2003	Southern Nambikuára [nab]	108	-	-	+	+	+	+																					
	Menno H. Kroeker	A Descriptive Grammar of Nambikuara	2001	Southern Nambikuára [nab]	121	+	-	-	-	+	+																					
	Hernandez-Green	Gramatica del Yuhu		Acazulco Otomi	233	+	-	+	+	+	+																					
	David Paul Foris	A Grammar of Sochiapan Chinantec	1993	Sochiapan Chinantec[cso]	611	+	-	-	+	+	-																					
	Velma B. Pickett, Cheryl Black, Vicente Marcial Cerqueda	Gramatica popular del Zapoteco del Istmo	2001	Isthmus Zapotec[zai]	135	+	+	-	+	+	+																					
	Robert Lee Russell	A transformational grammar of Amahuaca (Pano)	1965	Amahuaca[amc]	112	-	-	-	-	+	-																					
	Norma Faust y Eugene E. Loos 	Gramatica del idioma Yaminahua	2002	Yaminahua[yaa]	177	+	-	-	+	+	+																					
	Marc Okrand	Mutsun grammar	1977	Southern Ohlone[css]	359	-	-	-	+	+	-																					
	Joana Worth Jansen	A Grammar of Yakima Ichishkin/Sahaptin	2010	Yakima[yak]	529	+	+	-	+	+	+																					
	Jorge E. Rosés Labrada	The Mako language: Vitality, Grammar and Classification	215	Maco[wpc]	590	+	+	-	+	+	+																					
	Antoine Guillaume	A Grammar of Cavinena	2008	Cavineña[cav]	937	+	+	+	+	+	+																					
	Antoine Guillaume	A Grammar of Cavineña, an Amazonian Language of Northern Bolivia	2004	Cavineña[cav]	836	+	+	+	+	+	+																					
	Frauke Sachse	Reconstructive Description of Eighteenth-century Xinka Grammar (in 2 volumes)	2010	Xinca-Guazacapan[xin]	959	+	-	-	+	+	+																					
	Carpenter, Lawrence Kidd	Ecuadorian Quichua: descriptive sketch and variation	1982	Imbabura Highland Quichua[qvi], Calderón Highland Quichua[cud], Chimborazo Highland Quichua[qug], Cañar Highland Quichua[qxr], Loja Highland Quichua[qvj], Napo Lowland Quechua[qvo]	529	-	+	-	+	+	-																					
	David John Weber	Una Gramatica del Quechua del Huallaga (Huanuco)	1996	Huallaga Huánuco Quechua[qub]	642	+	-	-	+	+	-																					
	John R.Wroughton	Gramatica y textos del Quechua Shausha Huanca	1996	Jauja Wanca Quechua[qxw]	151	+	+	-	-	+	-																					
	Bruce Ingham	Lakota	2003	Lakota[lkt]	115	+	+	+	+	+	-																					
	Stephen Return Riggs	Dakota grammar, texts and etnography	1973	Dakota[dak]	239	-	+	-	+	+	+																					
	David Beck	A grammatical sketch of Upper Necaxa Totonac	2004	Upper Necaxa Totonac[tku]	112	+	+	-	+	+	+																					
	Susan Smythe Kung	A Descriptive Grammar of Huehuetla Tepehua	2007	Huehuetla Tepehua[tee]	726	+	+	-	+	+	+																					
	Karolyn J.MacKay	A Grammar of Misantla Totonac	1999	Yecuatla Totonac[tlc]	459	+	+	-	+	+	-																					
	Teresa Ann McFarland	The phonology and morphology of Filomeno Mata Totonac	2009	Filomena Mata-Coahuitlán Totonac[tlp]	245	+	-	-	+	+	+																					
	Wendell Jones and Paula Jones	Barasano Syntax	1991	Barasana-Eduria[bsn]	193	+	-	-	+	+	-																					
	Nancy L.Morse, Michael B.Maxwell	Gramatica del Cubeo	1999	Cubeo[cub]	194	+	-	-	+	+	-																					
	Kristine Sue Stenzel	A reference grammar of Wanano	2004	Kotiria[gvc]	429	+	+	-	+	+	+																					
	Birdie West	Gramatica popular del Tucano	1980	Tucano[tuo]	249	-	-	+	-	+	-																					
	Birdie West, Betty Welch	Gramatica pedagogica del Tucano	2004	Tucano[tuo]	168	-	+	+	-	+	+																					
	Daniel Velie Gable	Bosquejo de la fonologia y gramatica del idioma Orejon (Coto)	1975	Maihiki[ore]	32	-	-	-	+	+	-																					
	Matthew Davidson	Studies in Southern Wakashan (Nootkan) grammar	2002	Nuu-chah-nulth[nuk]	471	+	-	+	+	+	+																					
	Alfred J.Hall	A Grammar of the Kwagiutl language	1889	Kwakiutl[kwk]	105	-	-	-	-	+	-																					
	Eugenio Minor, Dorotea Hendrich de Minor	Gramatica Pedagogica Huitoto	1982	Minica Huitoto[hto]	130	-	-	-	+	+	-																					
	Wesley Thiesen	Gramatica del idioma Bora	1996	Bora[boa]	132	-	-	-	+	+	-																					
	Sandra A. Thompson, Joseph Sung-Yul Park, Charles N. Li	A reference grammar of Wappo	2006	Wappo[wao]	172	+	-	-	+	+	+																					
	M.Katherine Peeke	Bosquejo gramatical del Zaparo	1991	 Záparo[zro]	72	+	+	+	-	+	-																					
	Doris Lander Payne	Aspects of the Grammar of Yagua: a Typological Perspective	1985	Yagua[yad]	422	+	+	-	+	+	+																					
	Alan Boraas	An introduction to Dena'ina grammar: the Kenai (Outer Inlet) Dialect	2009	Tanaina[tfn]	153	-	-	-	+	+	+																					
	Eung-Do Cook	A Sarcee Grammar	1984	Sarsi [srs]	304	-	-	-	+	+	-																					
	James A. Crippen	Notes on Tlingit Grammar	2008	Tlingit[tli]	241	+	-	-	+	+	+																					
	James A. Crippen	Tlingit Grammar Handbook	2008	Tlingit[tli]	22	-	-	-	-	+	+																					
	Gary Holton	The Phonology and Morphology of the Tanacross Athabaskan language	2000	Tanacross[tcb]	353	+	+	+	+	+	+																					
	Tiina Kathryn Randoja	The Phonology and Morphology of Halfway River Beaver	1990	Beaver[bea]	293	-	-	-	-	+	-																					
	Pliny Earle Goddard	Analysis of Cold Lake Dialect, Chipewyan	1912	Chipewyan[chp]	170	-	-	-	+	+	+																					
	Gladys A.Reichard	Navaho grammar	1952	Navajo [nav]	394	-	+	-	+	+	+																					
	Marion M.Cowan	Tzotzil grammar	1969	Tzotzil[tzo]	120	-	-	-	+	+	+																					
	Jon P.Dayley	Tzutujil Grammar	1985	Tz'utujil[tzj]	412	-	-	-	+	+	-																					
	John W. Du Bois	The Sacapultec language	1981	Sacapulteco[quv]	293	-	-	-	-	+	-																					
	Nora C.England	A Grammar of Mam, a Mayan language	1983	Mam[mam]	353	+	+	-	+	+	+																					
	Naomi Elisabeth Palosaari	Topics in Mocho' phonology and morphology	2011	Mocho[mhc]	247	+	-	-	+	+	+																					
	Gilles Polian	Gramática del tseltal de Oxchuc	2013	Tzeltal[tzh]	496	+	+	-	+	+	+																					
	Michael Dürr 	Einführung  in das  kolonialzeitliche Quiché (K’iche’) 	2004	K'iche'[quc]	120	-	+	+	+	+	+																					
	Michael Dürr 	Morfologie, Syntax und Textstrukturen des (Maya-)Quiche des Popol Vuh	2003	K'iche'[quc]	380	+	+	-	+	+	+																					
	Brasseur de Bourbourg	Grammaire de la langue Quichee	1862	K'iche'[quc]	398		-	+	-	+	-																					
	John Haviland, Stuart Robinson, Esteban Gutierrez, Francisco José	A Tzotzil Grammar		Tzotzil[tzo]	302	-	-	-	+	+	+																					
	J.Richard Andrews	Introduction to Classical Nahuatl	2003	Classical Nahuatl[nci]	678	-	-	+	+	+	+																					
	Gabriela Caballero	Choguita Rarámuri (Tarahumara) Phonology and Morphology	2008	Central Tarahumara[tar]	447	+	+	-	-	+	+																					
	T. Givón	Ute Reference Grammar	2011	Ute-Southern Paiute[ute]	441	+	-	-	+	+	+																					
	Sydney MacDonald Lamb	Mono Grammar 	1957	Mono (USA)[mnr]	390	-	-	-	-	+	-																					
	Margaret L.Press	Chemehuevi: A Grammar and Lexicon	1979	Ute-Southern Paiute[ute]	203	-	-	+	-	+	-																					
	Edward Sapir	Southern Paiute, a Shoshonean Language	1930	Ute-Southern Paiute[ute]	296	-	+	-	-	+	+																					
	Timothy Mothyjon Thornes	A Northern Paiute grammar with texts	2003	Northern Paiute[pao]	559	+	+	-	+	+	+																					
	Thomas Leslie Willett	A reference grammar of Southeastern Tepehuan	1991	Southeastern Tepehuan[stp]	282	+	+	-	+	+	-																					
	Carl Wolgemuth	Nahuatl Grammar	2007	Classical Nahuatl[nci]	155	-	-	-	+	+	+																					
	Ofelia Zepeda	A Papago Grammar	1983	Tohono O'odham[ood]	188	-	+	+	-	+	+																					
	Thelma D.Sullivan	Compedium of Nahuatl grammar	1988	Classical Nahuatl[nci]	324	-	-	-	+	+	-																					
	Jane H.Hill	A Grammar of Cupeno	2005	Cupeño[cup]	531	+	+	-	+	+	+																					
	Laverne Masayesva Jeanne	Aspects of Hopi grammar	1978	Hopi[hop]	355	-	-	-	+	+	-																					
	Carl Wolgemuth	Gramatica Nahuatl	2002	Classical Nahuatl[nci]	193	-	-	-	+	+	+																					
	Richard Saunders Pittman	A Grammar of Tetelcingo (Morelos) Nahuatl	1954	Tetelcingo Nahuatl[nhg]	67	-	+	-	-	+	+																					
	Rolando Gpe.Felix  Armendariz	A Grammar of River Warihio	2005	Huarijio[var]	488	+	+	+	+	+	-																					
	Aline da Cruz	Fonologia e Gramatica do Nheengatu	2011	Nhengatu[yri]	626	+	+	+	+	+	+																					
	Rose Dobson	Gramática Prática Com Exercícios da Língua Kayabi	1997	Kayabí[kyz]	149	-	-	+	-	+	-																					
	Hebe Alicia González	A grammar of Tapiete (Tupi-Guarani)	2005	Tapieté[tpj]	418	+	+	+	+	+	+																					
	Carl H. Harrison	Gramática Asurini	1975	Tocantins Asurini[asu]	123	-	-	-	+	+	+																					
	Rosa Vallejos Yopan	A Grammar of Kokama-Kokamilla	2010	Cocama-Cocamilla [cod]	918	+	+	-	+	+	+																					
	Norma Faust A.	Gramática Cocama	2008	Cocama-Cocamilla [cod]	168	-	-	+	+	+	+																					
	Marjorie Crofts	Aspectos da língua munduruku	2004	Mundurukú[myu]	305	-	-	-	-	+	+																					
	Marjorie Crofts	Gramática Munduruku	1973	Mundurukú[myu]	127	-	+	-	-	+	+																					
